--
--排水户模块 2019-10-28 添加5个表，和部分sys_mean中语句
--


-- 无法显示排水户模块页面问题，修改了路径，这两条语句不能直接插入数据库
INSERT INTO "RY"."SYS_MENU" VALUES ('4220', '排水户列表', '4214', '1', '/drainage/household', 'menuItem', 'C', '0', 'drainage:household:view', '#', 'admin', TO_DATE('2019-09-15 13:00:01', 'YYYY-MM-DD HH24:MI:SS'), 'admin', TO_DATE('2019-09-17 15:10:17', 'YYYY-MM-DD HH24:MI:SS'), null, 'op');
INSERT INTO "RY"."SYS_MENU" VALUES ('4221', '排水户统计', '4214', '2', '/drainage/statistics', 'menuItem', 'C', '0', null, '#', 'admin', TO_DATE('2019-09-15 13:00:27', 'YYYY-MM-DD HH24:MI:SS'), 'admin', TO_DATE('2019-09-17 15:10:47', 'YYYY-MM-DD HH24:MI:SS'), null, 'op');

--------------------------------------------


-- ----------------------------
-- Table structure for DRAINAGE_T_HOUSEHOLD
-- ----------------------------
CREATE TABLE "RY"."DRAINAGE_T_HOUSEHOLD" (
"HOUSEHOLD_ID" VARCHAR2(10 CHAR) NOT NULL ,
"HOUSEHOLD_NAME" VARCHAR2(20 CHAR) NOT NULL ,
"RECORD_STATE" VARCHAR2(4 CHAR) NOT NULL ,
"DOORPLATE_DETAIL_ADDRESS" VARCHAR2(35 CHAR) NOT NULL ,
"LONGITUDE" NUMBER NOT NULL ,
"LATITUDE" NUMBER NOT NULL ,
"ADMINISTRATIVE_NAME" VARCHAR2(8 CHAR) NOT NULL ,
"STREET_NAME" VARCHAR2(10 CHAR) NOT NULL ,
"COMMITTEES" VARCHAR2(15 CHAR) NOT NULL ,
"LANE_NAME" VARCHAR2(8 CHAR) NOT NULL ,
"DOORPLATE_NUMBER" VARCHAR2(8 CHAR) NOT NULL ,
"HOUSEHOLD_LEVEL" VARCHAR2(3 CHAR) NOT NULL ,
"PARENT_HOUSEHOLD_NAME" VARCHAR2(20 CHAR) NULL ,
"LINKMAN" VARCHAR2(4 CHAR) NOT NULL ,
"TELEPHONE" NUMBER(11) NOT NULL ,
"COVER_AREA" NUMBER(4) NOT NULL ,
"WATER_METER_ID" VARCHAR2(20 CHAR) NOT NULL ,
"SEWAGE_CATEGORY" VARCHAR2(10 CHAR) NOT NULL ,
"UNIT_TYPE" VARCHAR2(6 CHAR) NOT NULL ,
"OTHER_UNIT_TYPE" VARCHAR2(8 CHAR) NULL ,
"INDUSTRIAL_WATER_COMPOSITION" VARCHAR2(15 CHAR) NULL ,
"OTHER_COMPOSITION" VARCHAR2(10 CHAR) NULL ,
"WATER_DIVERSION" VARCHAR2(2 CHAR) NULL ,
"BUSINESS_LICENSE" VARCHAR2(2 CHAR) NOT NULL ,
"SOCIAL_CREDIT_ID" VARCHAR2(20 CHAR) NULL ,
"DRAINAGE_LICENSE" VARCHAR2(2 CHAR) NOT NULL ,
"DRAINAGE_LICENSE_NUMBER" VARCHAR2(15 CHAR) NULL ,
"DRAINAGE_LICENSE_BEGIN_TIME" DATE NULL ,
"DRAINAGE_LICENSE_END_TIME" DATE NULL ,
"SEWAGE_LICENSE" VARCHAR2(2 CHAR) NOT NULL ,
"SEWAGE_LICENSE_NUMBER" VARCHAR2(15 CHAR) NULL ,
"SEWAGE_LICENSE_BEGIN_TIME" DATE NULL ,
"SEWAGE_LICENSE_END_TIME" DATE NULL ,
"NOTE" VARCHAR2(25 CHAR) NOT NULL ,
"REGISTRATION_TIME" DATE NOT NULL ,
"REGISTRATION_PERSON" VARCHAR2(4 CHAR) NOT NULL ,
"UPDATE_TIME" DATE NOT NULL ,
"UPDATE_PERSON" VARCHAR2(4 CHAR) NOT NULL 
)
LOGGING
NOCOMPRESS
NOCACHE

;
COMMENT ON COLUMN "RY"."DRAINAGE_T_HOUSEHOLD"."HOUSEHOLD_ID" IS '排水户编号';
COMMENT ON COLUMN "RY"."DRAINAGE_T_HOUSEHOLD"."HOUSEHOLD_NAME" IS '排水户名称';
COMMENT ON COLUMN "RY"."DRAINAGE_T_HOUSEHOLD"."RECORD_STATE" IS '记录状态';
COMMENT ON COLUMN "RY"."DRAINAGE_T_HOUSEHOLD"."DOORPLATE_DETAIL_ADDRESS" IS '门牌详细地址';
COMMENT ON COLUMN "RY"."DRAINAGE_T_HOUSEHOLD"."LONGITUDE" IS '经度';
COMMENT ON COLUMN "RY"."DRAINAGE_T_HOUSEHOLD"."LATITUDE" IS '纬度';
COMMENT ON COLUMN "RY"."DRAINAGE_T_HOUSEHOLD"."ADMINISTRATIVE_NAME" IS '行政区名';
COMMENT ON COLUMN "RY"."DRAINAGE_T_HOUSEHOLD"."STREET_NAME" IS '街道名';
COMMENT ON COLUMN "RY"."DRAINAGE_T_HOUSEHOLD"."COMMITTEES" IS '居委会';
COMMENT ON COLUMN "RY"."DRAINAGE_T_HOUSEHOLD"."LANE_NAME" IS '街路巷名';
COMMENT ON COLUMN "RY"."DRAINAGE_T_HOUSEHOLD"."DOORPLATE_NUMBER" IS '门牌号码';
COMMENT ON COLUMN "RY"."DRAINAGE_T_HOUSEHOLD"."HOUSEHOLD_LEVEL" IS '排水户级别';
COMMENT ON COLUMN "RY"."DRAINAGE_T_HOUSEHOLD"."PARENT_HOUSEHOLD_NAME" IS '上级排水户';
COMMENT ON COLUMN "RY"."DRAINAGE_T_HOUSEHOLD"."LINKMAN" IS '联系人';
COMMENT ON COLUMN "RY"."DRAINAGE_T_HOUSEHOLD"."TELEPHONE" IS '联系电话';
COMMENT ON COLUMN "RY"."DRAINAGE_T_HOUSEHOLD"."COVER_AREA" IS '占地面积 /㎡';
COMMENT ON COLUMN "RY"."DRAINAGE_T_HOUSEHOLD"."WATER_METER_ID" IS '水表编号';
COMMENT ON COLUMN "RY"."DRAINAGE_T_HOUSEHOLD"."SEWAGE_CATEGORY" IS '污水类别';
COMMENT ON COLUMN "RY"."DRAINAGE_T_HOUSEHOLD"."UNIT_TYPE" IS '单位类型';
COMMENT ON COLUMN "RY"."DRAINAGE_T_HOUSEHOLD"."OTHER_UNIT_TYPE" IS '其他单位类型';
COMMENT ON COLUMN "RY"."DRAINAGE_T_HOUSEHOLD"."INDUSTRIAL_WATER_COMPOSITION" IS '工业废水主要成分';
COMMENT ON COLUMN "RY"."DRAINAGE_T_HOUSEHOLD"."OTHER_COMPOSITION" IS '其他成分';
COMMENT ON COLUMN "RY"."DRAINAGE_T_HOUSEHOLD"."WATER_DIVERSION" IS '内部废、污、雨是否分流';
COMMENT ON COLUMN "RY"."DRAINAGE_T_HOUSEHOLD"."BUSINESS_LICENSE" IS '是否取得营业执照';
COMMENT ON COLUMN "RY"."DRAINAGE_T_HOUSEHOLD"."SOCIAL_CREDIT_ID" IS '统一社会信用代码';
COMMENT ON COLUMN "RY"."DRAINAGE_T_HOUSEHOLD"."DRAINAGE_LICENSE" IS '是否取得排水许可证';
COMMENT ON COLUMN "RY"."DRAINAGE_T_HOUSEHOLD"."DRAINAGE_LICENSE_NUMBER" IS '排水许可证号';
COMMENT ON COLUMN "RY"."DRAINAGE_T_HOUSEHOLD"."DRAINAGE_LICENSE_BEGIN_TIME" IS '排水许可证开始日期';
COMMENT ON COLUMN "RY"."DRAINAGE_T_HOUSEHOLD"."DRAINAGE_LICENSE_END_TIME" IS '排水许可证结束日期';
COMMENT ON COLUMN "RY"."DRAINAGE_T_HOUSEHOLD"."SEWAGE_LICENSE" IS '是否取得排污许可证';
COMMENT ON COLUMN "RY"."DRAINAGE_T_HOUSEHOLD"."SEWAGE_LICENSE_NUMBER" IS '排污许可证号';
COMMENT ON COLUMN "RY"."DRAINAGE_T_HOUSEHOLD"."SEWAGE_LICENSE_BEGIN_TIME" IS '排污许可证开始日期';
COMMENT ON COLUMN "RY"."DRAINAGE_T_HOUSEHOLD"."SEWAGE_LICENSE_END_TIME" IS '排污许可证结束日期';
COMMENT ON COLUMN "RY"."DRAINAGE_T_HOUSEHOLD"."NOTE" IS '备注';
COMMENT ON COLUMN "RY"."DRAINAGE_T_HOUSEHOLD"."REGISTRATION_TIME" IS '登记时间';
COMMENT ON COLUMN "RY"."DRAINAGE_T_HOUSEHOLD"."REGISTRATION_PERSON" IS '登记人';
COMMENT ON COLUMN "RY"."DRAINAGE_T_HOUSEHOLD"."UPDATE_TIME" IS '最新修改时间';
COMMENT ON COLUMN "RY"."DRAINAGE_T_HOUSEHOLD"."UPDATE_PERSON" IS '上一修改人';

-- ----------------------------
-- Records of DRAINAGE_T_HOUSEHOLD
-- ----------------------------
INSERT INTO "RY"."DRAINAGE_T_HOUSEHOLD" VALUES ('gmsqpsh', '光明社区排水户', '已登记', '光明区光明街道办事处光明社区工作站', '234.214675', '-122.123454', '光明区', '光明街道办事处', '光明社区工作站', '光明巷', '1号', '一级', null, 'xxx', '999999999', '2', 'gmsq1|gmsq2', '生活污水', '生活', null, null, null, '是', '是', 'xxxxxxxx234', '是', '23534534545', TO_DATE('2019-10-03 00:00:00', 'YYYY-MM-DD HH24:MI:SS'), TO_DATE('2019-10-07 00:00:00', 'YYYY-MM-DD HH24:MI:SS'), '否', null, null, null, '光明社区的全部生活污水排出口', TO_DATE('2019-10-17 00:00:00', 'YYYY-MM-DD HH24:MI:SS'), 'xxx', TO_DATE('2019-10-04 00:00:00', 'YYYY-MM-DD HH24:MI:SS'), 'xxx');
INSERT INTO "RY"."DRAINAGE_T_HOUSEHOLD" VALUES ('a', 'aaaa', 'aaaa', 'aaaaaaaaaaaaaaaaaaaaaa', '-123.222778', '-12.334456', '光明区', '凤凰街道办事处', '塘尾社区工作站', 'aa', '2a', '二级', 'b', 'a', '12234234', '1', 'a1', '雨水', '其他', '雨水', '水s', '水', '是', '否', 'asdf', '是', '123455334434', TO_DATE('2019-10-19 00:00:00', 'YYYY-MM-DD HH24:MI:SS'), TO_DATE('2018-10-18 00:00:00', 'YYYY-MM-DD HH24:MI:SS'), '是', 'sdf', TO_DATE('2019-10-05 00:00:00', 'YYYY-MM-DD HH24:MI:SS'), TO_DATE('2019-10-23 00:00:00', 'YYYY-MM-DD HH24:MI:SS'), 'sdf', TO_DATE('2019-10-05 00:00:00', 'YYYY-MM-DD HH24:MI:SS'), 'zzz', TO_DATE('2019-10-09 00:00:00', 'YYYY-MM-DD HH24:MI:SS'), 'df12');
INSERT INTO "RY"."DRAINAGE_T_HOUSEHOLD" VALUES ('jztsqpsh', '甲子塘社区排水户', '未登记', '光明区凤凰街道办事处甲子塘社区工作站', '23.675576', '234.333567', '光明区', '凤凰街道办事处', '甲子塘社区工作站', '甲子塘巷', '3号', '一级', null, '郑某', '2343454556', '3', 'jztsq1|jztsq2', '有毒有害排污类', '其他', '污染物', '铜，铬，铅，镍，砷，其他', '重铬酸钾', '是', '否', null, '否', null, null, null, '否', null, null, null, '无', TO_DATE('2019-10-26 00:00:00', 'YYYY-MM-DD HH24:MI:SS'), '张xx', TO_DATE('2019-10-26 00:00:00', 'YYYY-MM-DD HH24:MI:SS'), '张xx');
INSERT INTO "RY"."DRAINAGE_T_HOUSEHOLD" VALUES ('dzsqpsh', '东周社区排水户', '已登记', '光明区光明街道办事处东周社区工作站', '123.124456', '212.112223', '光明区', '光明街道办事处', '东周社区工作站', '东周巷', '22号', '一级', null, '郑某', '18833345924', '5', 'dzsq1|dzsq2|dzsq3', '生活污水', '其他', null, '铜, 铬, 铅, 镍, 砷', null, '是', '是', '1234562374', '是', '1243235343', TO_DATE('2019-10-24 00:00:00', 'YYYY-MM-DD HH24:MI:SS'), TO_DATE('2019-10-02 00:00:00', 'YYYY-MM-DD HH24:MI:SS'), '是', '646234646465', TO_DATE('2019-10-15 00:00:00', 'YYYY-MM-DD HH24:MI:SS'), TO_DATE('2019-10-28 00:00:00', 'YYYY-MM-DD HH24:MI:SS'), '无', TO_DATE('2019-10-08 00:00:00', 'YYYY-MM-DD HH24:MI:SS'), '郑xc', TO_DATE('2019-10-25 00:00:00', 'YYYY-MM-DD HH24:MI:SS'), '赵xx');

-- ----------------------------
-- Indexes structure for table DRAINAGE_T_HOUSEHOLD
-- ----------------------------

-- ----------------------------
-- Checks structure for table DRAINAGE_T_HOUSEHOLD
-- ----------------------------
ALTER TABLE "RY"."DRAINAGE_T_HOUSEHOLD" ADD CHECK ("HOUSEHOLD_ID" IS NOT NULL);
ALTER TABLE "RY"."DRAINAGE_T_HOUSEHOLD" ADD CHECK ("HOUSEHOLD_NAME" IS NOT NULL);
ALTER TABLE "RY"."DRAINAGE_T_HOUSEHOLD" ADD CHECK ("RECORD_STATE" IS NOT NULL);
ALTER TABLE "RY"."DRAINAGE_T_HOUSEHOLD" ADD CHECK ("DOORPLATE_DETAIL_ADDRESS" IS NOT NULL);
ALTER TABLE "RY"."DRAINAGE_T_HOUSEHOLD" ADD CHECK ("LONGITUDE" IS NOT NULL);
ALTER TABLE "RY"."DRAINAGE_T_HOUSEHOLD" ADD CHECK ("LATITUDE" IS NOT NULL);
ALTER TABLE "RY"."DRAINAGE_T_HOUSEHOLD" ADD CHECK ("ADMINISTRATIVE_NAME" IS NOT NULL);
ALTER TABLE "RY"."DRAINAGE_T_HOUSEHOLD" ADD CHECK ("STREET_NAME" IS NOT NULL);
ALTER TABLE "RY"."DRAINAGE_T_HOUSEHOLD" ADD CHECK ("COMMITTEES" IS NOT NULL);
ALTER TABLE "RY"."DRAINAGE_T_HOUSEHOLD" ADD CHECK ("LANE_NAME" IS NOT NULL);
ALTER TABLE "RY"."DRAINAGE_T_HOUSEHOLD" ADD CHECK ("DOORPLATE_NUMBER" IS NOT NULL);
ALTER TABLE "RY"."DRAINAGE_T_HOUSEHOLD" ADD CHECK ("HOUSEHOLD_LEVEL" IS NOT NULL);
ALTER TABLE "RY"."DRAINAGE_T_HOUSEHOLD" ADD CHECK ("LINKMAN" IS NOT NULL);
ALTER TABLE "RY"."DRAINAGE_T_HOUSEHOLD" ADD CHECK ("TELEPHONE" IS NOT NULL);
ALTER TABLE "RY"."DRAINAGE_T_HOUSEHOLD" ADD CHECK ("COVER_AREA" IS NOT NULL);
ALTER TABLE "RY"."DRAINAGE_T_HOUSEHOLD" ADD CHECK ("WATER_METER_ID" IS NOT NULL);
ALTER TABLE "RY"."DRAINAGE_T_HOUSEHOLD" ADD CHECK ("SEWAGE_CATEGORY" IS NOT NULL);
ALTER TABLE "RY"."DRAINAGE_T_HOUSEHOLD" ADD CHECK ("UNIT_TYPE" IS NOT NULL);
ALTER TABLE "RY"."DRAINAGE_T_HOUSEHOLD" ADD CHECK ("BUSINESS_LICENSE" IS NOT NULL);
ALTER TABLE "RY"."DRAINAGE_T_HOUSEHOLD" ADD CHECK ("DRAINAGE_LICENSE" IS NOT NULL);
ALTER TABLE "RY"."DRAINAGE_T_HOUSEHOLD" ADD CHECK ("SEWAGE_LICENSE" IS NOT NULL);
ALTER TABLE "RY"."DRAINAGE_T_HOUSEHOLD" ADD CHECK ("NOTE" IS NOT NULL);
ALTER TABLE "RY"."DRAINAGE_T_HOUSEHOLD" ADD CHECK ("REGISTRATION_TIME" IS NOT NULL);
ALTER TABLE "RY"."DRAINAGE_T_HOUSEHOLD" ADD CHECK ("REGISTRATION_PERSON" IS NOT NULL);
ALTER TABLE "RY"."DRAINAGE_T_HOUSEHOLD" ADD CHECK ("UPDATE_TIME" IS NOT NULL);
ALTER TABLE "RY"."DRAINAGE_T_HOUSEHOLD" ADD CHECK ("UPDATE_PERSON" IS NOT NULL);

-- ----------------------------
-- Primary Key structure for table DRAINAGE_T_HOUSEHOLD
-- ----------------------------
ALTER TABLE "RY"."DRAINAGE_T_HOUSEHOLD" ADD PRIMARY KEY ("HOUSEHOLD_ID");





-- ----------------------------
-- Table structure for DRAINAGE_T_DRAIN
-- ----------------------------
CREATE TABLE "RY"."DRAINAGE_T_DRAIN" (
"HOUSEHOLD_ID" VARCHAR2(10 CHAR) NOT NULL ,
"DRAIN_TYPE" VARCHAR2(8 CHAR) NOT NULL ,
"DRAIN_ID" VARCHAR2(10 CHAR) NOT NULL ,
"PRETREATMENT_FACILITY" VARCHAR2(15 CHAR) NULL ,
"OTHER_PRETREATMENT_FACILITY" VARCHAR2(15 CHAR) NULL ,
"PRETREATMENT_FACILITY_NUMBER" NUMBER(2) NOT NULL ,
"PRETREATMENT_FACILITY_NOTE" VARCHAR2(20 CHAR) NULL ,
"MONITORING_FACILITY" VARCHAR2(2 CHAR) NOT NULL ,
"WATER_TO" VARCHAR2(10 CHAR) NOT NULL ,
"WATER_NAME" VARCHAR2(10 CHAR) NOT NULL ,
"OTHER_NOTE" VARCHAR2(20 CHAR) NOT NULL 
)
LOGGING
NOCOMPRESS
NOCACHE

;
COMMENT ON COLUMN "RY"."DRAINAGE_T_DRAIN"."HOUSEHOLD_ID" IS '排水户编号';
COMMENT ON COLUMN "RY"."DRAINAGE_T_DRAIN"."DRAIN_TYPE" IS '排水口类型';
COMMENT ON COLUMN "RY"."DRAINAGE_T_DRAIN"."DRAIN_ID" IS '排水口编码/位置';
COMMENT ON COLUMN "RY"."DRAINAGE_T_DRAIN"."PRETREATMENT_FACILITY" IS '预处理设施列表';
COMMENT ON COLUMN "RY"."DRAINAGE_T_DRAIN"."OTHER_PRETREATMENT_FACILITY" IS '其他预处理设施';
COMMENT ON COLUMN "RY"."DRAINAGE_T_DRAIN"."PRETREATMENT_FACILITY_NUMBER" IS '预处理设施数量';
COMMENT ON COLUMN "RY"."DRAINAGE_T_DRAIN"."PRETREATMENT_FACILITY_NOTE" IS '预处理设施相关备注';
COMMENT ON COLUMN "RY"."DRAINAGE_T_DRAIN"."MONITORING_FACILITY" IS '是否安装监测设备';
COMMENT ON COLUMN "RY"."DRAINAGE_T_DRAIN"."WATER_TO" IS '排水去向';
COMMENT ON COLUMN "RY"."DRAINAGE_T_DRAIN"."WATER_NAME" IS '水体名称';
COMMENT ON COLUMN "RY"."DRAINAGE_T_DRAIN"."OTHER_NOTE" IS '其他备注';

-- ----------------------------
-- Records of DRAINAGE_T_DRAIN
-- ----------------------------
INSERT INTO "RY"."DRAINAGE_T_DRAIN" VALUES ('a', '雨水', 'ays3', null, null, '0', null, '是', '河流', '雨水', 'aad');
INSERT INTO "RY"."DRAINAGE_T_DRAIN" VALUES ('a', '雨水', 'ays', null, null, '0', null, '是', '河流', '雨水', '无');
INSERT INTO "RY"."DRAINAGE_T_DRAIN" VALUES ('a', '雨水', 'ays2', null, null, '0', null, '是', '河流', '雨水', 'aa');
INSERT INTO "RY"."DRAINAGE_T_DRAIN" VALUES ('gmsqpsh', '雨水', 'gmsqys', null, null, '0', null, '是', '河流', '雨水', '光明社区排水口');
INSERT INTO "RY"."DRAINAGE_T_DRAIN" VALUES ('dzsqpsh', '雨水排污口', 'dzsqpsk1', null, null, '0', null, '是', '河流', '雨', '无');
INSERT INTO "RY"."DRAINAGE_T_DRAIN" VALUES ('a', '工业废水排污口', 'ays4', '过滤器，沉淀池', null, '2', '有两个预处理设备', '是', '废水处理厂', '工业废水', '无');
INSERT INTO "RY"."DRAINAGE_T_DRAIN" VALUES ('jztsqpsh', '生活污水排污口', 'jztsqpsk1', '过滤器', '无', '1', '无', '是', '废水处理厂', '生活污水', '无');

-- ----------------------------
-- Checks structure for table DRAINAGE_T_DRAIN
-- ----------------------------
ALTER TABLE "RY"."DRAINAGE_T_DRAIN" ADD CHECK ("HOUSEHOLD_ID" IS NOT NULL);
ALTER TABLE "RY"."DRAINAGE_T_DRAIN" ADD CHECK ("DRAIN_TYPE" IS NOT NULL);
ALTER TABLE "RY"."DRAINAGE_T_DRAIN" ADD CHECK ("DRAIN_ID" IS NOT NULL);
ALTER TABLE "RY"."DRAINAGE_T_DRAIN" ADD CHECK ("MONITORING_FACILITY" IS NOT NULL);
ALTER TABLE "RY"."DRAINAGE_T_DRAIN" ADD CHECK ("WATER_TO" IS NOT NULL);
ALTER TABLE "RY"."DRAINAGE_T_DRAIN" ADD CHECK ("WATER_NAME" IS NOT NULL);
ALTER TABLE "RY"."DRAINAGE_T_DRAIN" ADD CHECK ("OTHER_NOTE" IS NOT NULL);
ALTER TABLE "RY"."DRAINAGE_T_DRAIN" ADD CHECK ("PRETREATMENT_FACILITY_NUMBER" IS NOT NULL);






-- ----------------------------
-- Table structure for DRAINAGE_T_ADMINISTRATIVE
-- ----------------------------
DROP TABLE "RY"."DRAINAGE_T_ADMINISTRATIVE";
CREATE TABLE "RY"."DRAINAGE_T_ADMINISTRATIVE" (
"ADMINISTRATIVE_NAME" VARCHAR2(8 CHAR) NOT NULL 
)
LOGGING
NOCOMPRESS
NOCACHE

;
COMMENT ON COLUMN "RY"."DRAINAGE_T_ADMINISTRATIVE"."ADMINISTRATIVE_NAME" IS '行政区';

-- ----------------------------
-- Records of DRAINAGE_T_ADMINISTRATIVE
-- ----------------------------
INSERT INTO "RY"."DRAINAGE_T_ADMINISTRATIVE" VALUES ('光明区');
INSERT INTO "RY"."DRAINAGE_T_ADMINISTRATIVE" VALUES ('前海开发区');
INSERT INTO "RY"."DRAINAGE_T_ADMINISTRATIVE" VALUES ('南山区');
INSERT INTO "RY"."DRAINAGE_T_ADMINISTRATIVE" VALUES ('坪山区');
INSERT INTO "RY"."DRAINAGE_T_ADMINISTRATIVE" VALUES ('大鹏新区');
INSERT INTO "RY"."DRAINAGE_T_ADMINISTRATIVE" VALUES ('宝安区');
INSERT INTO "RY"."DRAINAGE_T_ADMINISTRATIVE" VALUES ('深汕合作区');
INSERT INTO "RY"."DRAINAGE_T_ADMINISTRATIVE" VALUES ('盐田区');
INSERT INTO "RY"."DRAINAGE_T_ADMINISTRATIVE" VALUES ('福田区');
INSERT INTO "RY"."DRAINAGE_T_ADMINISTRATIVE" VALUES ('罗湖区');
INSERT INTO "RY"."DRAINAGE_T_ADMINISTRATIVE" VALUES ('龙华区');
INSERT INTO "RY"."DRAINAGE_T_ADMINISTRATIVE" VALUES ('龙岗区');

-- ----------------------------
-- Checks structure for table DRAINAGE_T_ADMINISTRATIVE
-- ----------------------------
ALTER TABLE "RY"."DRAINAGE_T_ADMINISTRATIVE" ADD CHECK ("ADMINISTRATIVE_NAME" IS NOT NULL);



-- ----------------------------
-- Table structure for DRAINAGE_T_STREET
-- ----------------------------
CREATE TABLE "RY"."DRAINAGE_T_STREET" (
"ADMINISTRATIVE_NAME" VARCHAR2(8 CHAR) NOT NULL ,
"STREET_NAME" VARCHAR2(10 CHAR) NOT NULL 
)
LOGGING
NOCOMPRESS
NOCACHE

;
COMMENT ON COLUMN "RY"."DRAINAGE_T_STREET"."ADMINISTRATIVE_NAME" IS '行政区';
COMMENT ON COLUMN "RY"."DRAINAGE_T_STREET"."STREET_NAME" IS '街道';

-- ----------------------------
-- Records of DRAINAGE_T_STREET
-- ----------------------------
INSERT INTO "RY"."DRAINAGE_T_STREET" VALUES ('光明区', '光明街道办事处');
INSERT INTO "RY"."DRAINAGE_T_STREET" VALUES ('光明区', '公明街道办事处');
INSERT INTO "RY"."DRAINAGE_T_STREET" VALUES ('光明区', '凤凰街道办事处');
INSERT INTO "RY"."DRAINAGE_T_STREET" VALUES ('光明区', '新湖街道办事处');
INSERT INTO "RY"."DRAINAGE_T_STREET" VALUES ('光明区', '玉塘街道办事处');
INSERT INTO "RY"."DRAINAGE_T_STREET" VALUES ('光明区', '马田街道办事处');
INSERT INTO "RY"."DRAINAGE_T_STREET" VALUES ('前海开发区', '前海合作区');
INSERT INTO "RY"."DRAINAGE_T_STREET" VALUES ('南山区', '南头街道办事处');
INSERT INTO "RY"."DRAINAGE_T_STREET" VALUES ('南山区', '南山街道办事处');
INSERT INTO "RY"."DRAINAGE_T_STREET" VALUES ('南山区', '招商街道办事处');
INSERT INTO "RY"."DRAINAGE_T_STREET" VALUES ('南山区', '桃源街道办事处');
INSERT INTO "RY"."DRAINAGE_T_STREET" VALUES ('南山区', '沙河街道办事处');
INSERT INTO "RY"."DRAINAGE_T_STREET" VALUES ('南山区', '粤海街道办事处');
INSERT INTO "RY"."DRAINAGE_T_STREET" VALUES ('南山区', '蛇口街道办事处');
INSERT INTO "RY"."DRAINAGE_T_STREET" VALUES ('南山区', '西丽街道办事处');
INSERT INTO "RY"."DRAINAGE_T_STREET" VALUES ('坪山区', '坑梓街道办事处');
INSERT INTO "RY"."DRAINAGE_T_STREET" VALUES ('坪山区', '坪山街道办事处');
INSERT INTO "RY"."DRAINAGE_T_STREET" VALUES ('坪山区', '深圳市大工业区');
INSERT INTO "RY"."DRAINAGE_T_STREET" VALUES ('坪山区', '石井街道办事处');
INSERT INTO "RY"."DRAINAGE_T_STREET" VALUES ('坪山区', '碧岭街道办事处');
INSERT INTO "RY"."DRAINAGE_T_STREET" VALUES ('坪山区', '马峦街道办事处');
INSERT INTO "RY"."DRAINAGE_T_STREET" VALUES ('坪山区', '龙田街道办事处');

-- ----------------------------
-- Checks structure for table DRAINAGE_T_STREET
-- ----------------------------
ALTER TABLE "RY"."DRAINAGE_T_STREET" ADD CHECK ("STREET_NAME" IS NOT NULL);
ALTER TABLE "RY"."DRAINAGE_T_STREET" ADD CHECK ("ADMINISTRATIVE_NAME" IS NOT NULL);







-- ----------------------------
-- Table structure for DRAINAGE_T_COMMITTEES
-- ----------------------------
DROP TABLE "RY"."DRAINAGE_T_COMMITTEES";
CREATE TABLE "RY"."DRAINAGE_T_COMMITTEES" (
"STREET_NAME" VARCHAR2(10 CHAR) NOT NULL ,
"COMMITTEES" VARCHAR2(15 CHAR) NOT NULL 
)
LOGGING
NOCOMPRESS
NOCACHE

;
COMMENT ON COLUMN "RY"."DRAINAGE_T_COMMITTEES"."STREET_NAME" IS '街道名';
COMMENT ON COLUMN "RY"."DRAINAGE_T_COMMITTEES"."COMMITTEES" IS '居委会';

-- ----------------------------
-- Records of DRAINAGE_T_COMMITTEES
-- ----------------------------
INSERT INTO "RY"."DRAINAGE_T_COMMITTEES" VALUES ('光明街道办事处', '东周社区工作站');
INSERT INTO "RY"."DRAINAGE_T_COMMITTEES" VALUES ('光明街道办事处', '光明社区工作站');
INSERT INTO "RY"."DRAINAGE_T_COMMITTEES" VALUES ('光明街道办事处', '白花社区工作站');
INSERT INTO "RY"."DRAINAGE_T_COMMITTEES" VALUES ('光明街道办事处', '碧眼社区工作站');
INSERT INTO "RY"."DRAINAGE_T_COMMITTEES" VALUES ('光明街道办事处', '翠湖社区工作站');
INSERT INTO "RY"."DRAINAGE_T_COMMITTEES" VALUES ('光明街道办事处', '迳口社区工作站');
INSERT INTO "RY"."DRAINAGE_T_COMMITTEES" VALUES ('公明街道办事处', '上村社区工作站');
INSERT INTO "RY"."DRAINAGE_T_COMMITTEES" VALUES ('公明街道办事处', '下村社区工作站');
INSERT INTO "RY"."DRAINAGE_T_COMMITTEES" VALUES ('公明街道办事处', '公明社区工作站');
INSERT INTO "RY"."DRAINAGE_T_COMMITTEES" VALUES ('公明街道办事处', '李松蓢社区工作站');
INSERT INTO "RY"."DRAINAGE_T_COMMITTEES" VALUES ('公明街道办事处', '西田社区工作站');
INSERT INTO "RY"."DRAINAGE_T_COMMITTEES" VALUES ('凤凰街道办事处', '东坑社区工作站');
INSERT INTO "RY"."DRAINAGE_T_COMMITTEES" VALUES ('凤凰街道办事处', '凤凰社区工作站');
INSERT INTO "RY"."DRAINAGE_T_COMMITTEES" VALUES ('凤凰街道办事处', '塘家社区工作站');
INSERT INTO "RY"."DRAINAGE_T_COMMITTEES" VALUES ('凤凰街道办事处', '塘尾社区工作站');
INSERT INTO "RY"."DRAINAGE_T_COMMITTEES" VALUES ('凤凰街道办事处', '甲子塘社区工作站');

-- ----------------------------
-- Checks structure for table DRAINAGE_T_COMMITTEES
-- ----------------------------
ALTER TABLE "RY"."DRAINAGE_T_COMMITTEES" ADD CHECK ("COMMITTEES" IS NOT NULL);
ALTER TABLE "RY"."DRAINAGE_T_COMMITTEES" ADD CHECK ("STREET_NAME" IS NOT NULL);






--添加语句
INSERT INTO "RY"."SYS_MENU" VALUES ('4222', '排水户信息新增', '4214', '4', '#', null, 'F', '0', 'drainage:household:add', '#', 'admin', TO_DATE('2019-10-25 15:48:13', 'YYYY-MM-DD HH24:MI:SS'), null, TO_DATE('2019-10-25 15:48:16', 'YYYY-MM-DD HH24:MI:SS'), null, null);
INSERT INTO "RY"."SYS_MENU" VALUES ('4223', '排水户信息编辑', '4214', '5', '#', null, 'F', '0', 'drainage:household:edit', '#', 'admin', TO_DATE('2019-10-25 15:49:14', 'YYYY-MM-DD HH24:MI:SS'), null, TO_DATE('2019-10-25 15:49:19', 'YYYY-MM-DD HH24:MI:SS'), null, null);
INSERT INTO "RY"."SYS_MENU" VALUES ('4224', '排水户信息删除', '4214', '6', '#', null, 'F', '0', 'drainage:household:remove', '#', 'admin', TO_DATE('2019-10-25 15:50:04', 'YYYY-MM-DD HH24:MI:SS'), null, TO_DATE('2019-10-25 15:50:07', 'YYYY-MM-DD HH24:MI:SS'), null, null);
INSERT INTO "RY"."SYS_MENU" VALUES ('4225', '排水户信息查询', '4214', '7', '#', null, 'F', '0', 'drainage:household:list', '#', 'admin', TO_DATE('2019-10-27 10:54:26', 'YYYY-MM-DD HH24:MI:SS'), null, TO_DATE('2019-10-27 10:54:29', 'YYYY-MM-DD HH24:MI:SS'), null, null);